{"cameraMode":{"drawMode":0,"name":"Shaded","section":"Shading Mode"},"sceneLighting":true,"audioPlay":false,"sceneViewState":{"showFog":true,"showMaterialUpdate":false,"showSkybox":true,"showFlares":true,"showImageEffects":true,"showParticleSystems":true},"in2DMode":false,"pivot":{"x":4.056210994720459,"y":3.2356512546539308,"z":-20.89703369140625},"rotation":{"x":0.0067070904187858109,"y":-0.6667670011520386,"z":0.0060010687448084358,"w":0.7452123165130615},"size":14.149765968322754,"orthographic":false}