{"cameraMode":{"drawMode":0,"name":"Shaded","section":"Shading Mode"},"sceneLighting":true,"audioPlay":false,"sceneViewState":{"showFog":true,"showMaterialUpdate":false,"showSkybox":true,"showFlares":true,"showImageEffects":true,"showParticleSystems":true},"in2DMode":false,"pivot":{"x":-0.5099326968193054,"y":0.1162707582116127,"z":-2.974003553390503},"rotation":{"x":0.10981665551662445,"y":-0.3620178997516632,"z":0.043002549558877948,"w":0.9246928095817566},"size":10.74560546875,"orthographic":false}