{"cameraMode":{"drawMode":0,"name":"Shaded","section":"Shading Mode"},"sceneLighting":true,"audioPlay":false,"sceneViewState":{"showFog":true,"showMaterialUpdate":false,"showSkybox":true,"showFlares":true,"showImageEffects":true,"showParticleSystems":true},"in2DMode":false,"pivot":{"x":-0.5934836864471436,"y":1.0800023078918458,"z":-0.7928633689880371},"rotation":{"x":-0.2461843192577362,"y":-0.06478461623191834,"z":0.016504956409335138,"w":-0.9669212102890015},"size":5.140710353851318,"orthographic":false}