{"cameraMode":{"drawMode":0,"name":"Shaded","section":"Shading Mode"},"sceneLighting":true,"audioPlay":false,"sceneViewState":{"showFog":true,"showMaterialUpdate":false,"showSkybox":true,"showFlares":true,"showImageEffects":true,"showParticleSystems":true},"in2DMode":false,"pivot":{"x":2.299495220184326,"y":0.36937427520751955,"z":11.886652946472168},"rotation":{"x":-0.11847072839736939,"y":0.03186621516942978,"z":-0.003793422132730484,"w":-0.9924463629722595},"size":22.58795738220215,"orthographic":false}